file,name,kind,startLine,endLine,length
extensions/vscode-foundation/src/commands/runRefactor.ts,"runRefactorCommand",FunctionDeclaration,23,64,42
extensions/vscode-foundation/src/commands/runRefactor.ts,"<inline>",ArrowFunction,40,40,1
extensions/vscode-foundation/src/commands/runRefactor.ts,"<inline>",ArrowFunction,41,41,1
extensions/vscode-foundation/src/commands/runRefactor.ts,"<inline>",ArrowFunction,42,63,22
extensions/vscode-foundation/src/commands/runRefactor.ts,"summarizePlan",FunctionDeclaration,66,80,15
extensions/vscode-foundation/src/commands/runRefactor.ts,"<inline>",ArrowFunction,69,69,1
extensions/vscode-foundation/src/commands/runRefactor.ts,"<inline>",ArrowFunction,76,76,1
extensions/vscode-foundation/src/extension.ts,"activate",FunctionDeclaration,7,15,9
extensions/vscode-foundation/src/extension.ts,"<inline>",ArrowFunction,10,12,3
extensions/vscode-foundation/src/extension.ts,"deactivate",FunctionDeclaration,17,17,1
extensions/vscode-foundation/src/participant/refactor.chat.ts,"registerRefactorChatParticipant",FunctionDeclaration,8,43,36
extensions/vscode-foundation/src/participant/refactor.chat.ts,"<inline>",ArrowFunction,17,40,24
extensions/vscode-foundation/src/participant/refactor.chat.ts,"runCli",FunctionDeclaration,45,58,14
extensions/vscode-foundation/src/participant/refactor.chat.ts,"<inline>",ArrowFunction,46,57,12
extensions/vscode-foundation/src/participant/refactor.chat.ts,"<inline>",ArrowFunction,50,50,1
extensions/vscode-foundation/src/participant/refactor.chat.ts,"<inline>",ArrowFunction,51,51,1
extensions/vscode-foundation/src/participant/refactor.chat.ts,"<inline>",ArrowFunction,53,56,4
extensions/vscode-foundation/src/participant/refactor.chat.ts,"formatPlan",FunctionDeclaration,60,75,16
extensions/vscode-foundation/src/participant/refactor.chat.ts,"<inline>",ArrowFunction,63,64,2
extensions/vscode-foundation/src/participant/refactor.chat.ts,"<inline>",ArrowFunction,71,71,1
packages/analyzer/src/cli.ts,"parseArgs",FunctionDeclaration,16,69,54
packages/analyzer/src/cli.ts,"printHelp",FunctionDeclaration,71,99,29
packages/analyzer/src/cli.ts,"getOutputPath",FunctionDeclaration,101,115,15
packages/analyzer/src/cli.ts,"getLevelIcon",FunctionDeclaration,117,121,5
packages/analyzer/src/cli.ts,"main",FunctionDeclaration,127,200,74
packages/analyzer/src/cli.ts,"<inline>",ArrowFunction,170,170,1
packages/analyzer/src/cli.ts,"<inline>",ArrowFunction,171,171,1
packages/analyzer/src/cli.ts,"<inline>",ArrowFunction,172,172,1
packages/analyzer/src/cli.ts,"<inline>",ArrowFunction,192,192,1
packages/analyzer/src/cli.ts,"printSummary",FunctionDeclaration,202,217,16
packages/analyzer/src/cli.ts,"<inline>",ArrowFunction,206,209,4
packages/analyzer/src/cli.ts,"printConsoleResults",FunctionDeclaration,219,260,42
packages/analyzer/src/cli.ts,"<inline>",ArrowFunction,230,234,5
packages/analyzer/src/cli.ts,"<inline>",ArrowFunction,246,254,9
packages/analyzer/src/index.ts,"StaticAnalyzer",ClassDeclaration,60,398,339
packages/analyzer/src/index.ts,"StaticAnalyzer.constructor",Constructor,72,77,6
packages/analyzer/src/index.ts,"StaticAnalyzer.initializeRules",MethodDeclaration,79,320,242
packages/analyzer/src/index.ts,"StaticAnalyzer.analyze",MethodDeclaration,322,356,35
packages/analyzer/src/index.ts,"StaticAnalyzer.scanDirectory",MethodDeclaration,358,370,13
packages/analyzer/src/index.ts,"StaticAnalyzer.shouldSkipDirectory",MethodDeclaration,372,375,4
packages/analyzer/src/index.ts,"StaticAnalyzer.shouldAnalyzeFile",MethodDeclaration,377,380,4
packages/analyzer/src/index.ts,"StaticAnalyzer.analyzeFile",MethodDeclaration,382,397,16
packages/analyzer/src/index.ts,"check",ArrowFunction,86,120,35
packages/analyzer/src/index.ts,"<inline>",ArrowFunction,90,117,28
packages/analyzer/src/index.ts,"check",ArrowFunction,130,169,40
packages/analyzer/src/index.ts,"<inline>",ArrowFunction,139,166,28
packages/analyzer/src/index.ts,"check",ArrowFunction,179,222,44
packages/analyzer/src/index.ts,"<inline>",ArrowFunction,183,219,37
packages/analyzer/src/index.ts,"<inline>",ArrowFunction,192,192,1
packages/analyzer/src/index.ts,"<inline>",ArrowFunction,192,192,1
packages/analyzer/src/index.ts,"check",ArrowFunction,232,274,43
packages/analyzer/src/index.ts,"<inline>",ArrowFunction,236,271,36
packages/analyzer/src/index.ts,"<inline>",ArrowFunction,244,270,27
packages/analyzer/src/index.ts,"check",ArrowFunction,284,318,35
packages/analyzer/src/index.ts,"<inline>",ArrowFunction,288,315,28
packages/analyzer/src/index.ts,"<inline>",ArrowFunction,337,349,13
packages/analyzer/src/index.ts,"<inline>",ArrowFunction,379,379,1
packages/analyzer/src/index.ts,"<inline>",ArrowFunction,386,389,4
packages/analyzer/src/index.ts,"generateSarifReport",FunctionDeclaration,400,404,5
packages/api-gateway/src/index.ts,"ApiGateway",ClassDeclaration,71,419,349
packages/api-gateway/src/index.ts,"ApiGateway.constructor",Constructor,78,84,7
packages/api-gateway/src/index.ts,"ApiGateway.setupBaseMiddleware",MethodDeclaration,86,127,42
packages/api-gateway/src/index.ts,"ApiGateway.createRequestContextMiddleware",MethodDeclaration,129,159,31
packages/api-gateway/src/index.ts,"ApiGateway.createCompressionMiddleware",MethodDeclaration,161,176,16
packages/api-gateway/src/index.ts,"ApiGateway.generateRequestId",MethodDeclaration,178,180,3
packages/api-gateway/src/index.ts,"ApiGateway.addMiddleware",MethodDeclaration,183,186,4
packages/api-gateway/src/index.ts,"ApiGateway.addRoute",MethodDeclaration,189,229,41
packages/api-gateway/src/index.ts,"ApiGateway.createRateLimitMiddleware",MethodDeclaration,231,266,36
packages/api-gateway/src/index.ts,"ApiGateway.createValidationMiddleware",MethodDeclaration,268,302,35
packages/api-gateway/src/index.ts,"ApiGateway.createAuthMiddleware",MethodDeclaration,304,330,27
packages/api-gateway/src/index.ts,"ApiGateway.createErrorHandlingWrapper",MethodDeclaration,332,356,25
packages/api-gateway/src/index.ts,"ApiGateway.addHealthChecks",MethodDeclaration,359,390,32
packages/api-gateway/src/index.ts,"ApiGateway.listen",MethodDeclaration,393,408,16
packages/api-gateway/src/index.ts,"ApiGateway.getApp",MethodDeclaration,411,413,3
packages/api-gateway/src/index.ts,"ApiGateway.getRoutes",MethodDeclaration,416,418,3
packages/api-gateway/src/index.ts,"<inline>",ArrowFunction,124,126,3
packages/api-gateway/src/index.ts,"<inline>",ArrowFunction,130,158,29
packages/api-gateway/src/index.ts,"<inline>",ArrowFunction,162,175,14
packages/api-gateway/src/index.ts,"<inline>",FunctionExpression,166,172,7
packages/api-gateway/src/index.ts,"<inline>",ArrowFunction,234,265,32
packages/api-gateway/src/index.ts,"validateSection",ArrowFunction,269,283,15
packages/api-gateway/src/index.ts,"validateSection",ArrowFunction,269,283,15
packages/api-gateway/src/index.ts,"<inline>",ArrowFunction,285,301,17
packages/api-gateway/src/index.ts,"<inline>",ArrowFunction,305,329,25
packages/api-gateway/src/index.ts,"<inline>",ArrowFunction,333,355,23
packages/api-gateway/src/index.ts,"handler",ArrowFunction,363,371,9
packages/api-gateway/src/index.ts,"handler",ArrowFunction,377,379,3
packages/api-gateway/src/index.ts,"handler",ArrowFunction,385,388,4
packages/api-gateway/src/index.ts,"<inline>",ArrowFunction,396,407,12
packages/api-gateway/src/index.ts,"<inline>",ArrowFunction,397,406,10
packages/api-gateway/src/index.ts,"RouteBuilder",ClassDeclaration,424,497,74
packages/api-gateway/src/index.ts,"RouteBuilder.create",MethodDeclaration,427,429,3
packages/api-gateway/src/index.ts,"RouteBuilder.path",MethodDeclaration,431,434,4
packages/api-gateway/src/index.ts,"RouteBuilder.method",MethodDeclaration,436,439,4
packages/api-gateway/src/index.ts,"RouteBuilder.get",MethodDeclaration,441,445,5
packages/api-gateway/src/index.ts,"RouteBuilder.post",MethodDeclaration,447,451,5
packages/api-gateway/src/index.ts,"RouteBuilder.put",MethodDeclaration,453,457,5
packages/api-gateway/src/index.ts,"RouteBuilder.delete",MethodDeclaration,459,463,5
packages/api-gateway/src/index.ts,"RouteBuilder.handler",MethodDeclaration,465,468,4
packages/api-gateway/src/index.ts,"RouteBuilder.middleware",MethodDeclaration,470,473,4
packages/api-gateway/src/index.ts,"RouteBuilder.requireAuth",MethodDeclaration,475,478,4
packages/api-gateway/src/index.ts,"RouteBuilder.rateLimit",MethodDeclaration,480,483,4
packages/api-gateway/src/index.ts,"RouteBuilder.validate",MethodDeclaration,485,488,4
packages/api-gateway/src/index.ts,"RouteBuilder.build",MethodDeclaration,490,496,7
packages/api-gateway/src/index.ts,"cors",ArrowFunction,504,508,5
packages/api-gateway/src/index.ts,"json",ArrowFunction,511,511,1
packages/api-gateway/src/index.ts,"urlencoded",ArrowFunction,514,514,1
packages/api-gateway/src/index.ts,"requestLogger",ArrowFunction,517,541,25
packages/api-gateway/src/index.ts,"<inline>",ArrowFunction,518,540,23
packages/api-gateway/src/index.ts,"<inline>",FunctionExpression,522,537,16
packages/api-gateway/src/index.ts,"errorHandler",ArrowFunction,544,564,21
packages/api-gateway/src/index.ts,"<inline>",ArrowFunction,545,563,19
packages/app/src/index.ts,"AppHealthCheck",ClassDeclaration,25,35,11
packages/app/src/index.ts,"AppHealthCheck.check",MethodDeclaration,28,34,7
packages/app/src/index.ts,"HttpServer",ClassDeclaration,39,186,148
packages/app/src/index.ts,"HttpServer.constructor",Constructor,46,51,6
packages/app/src/index.ts,"HttpServer.handleRequest",MethodDeclaration,53,77,25
packages/app/src/index.ts,"HttpServer.handleHealth",MethodDeclaration,79,120,42
packages/app/src/index.ts,"HttpServer.handleRoot",MethodDeclaration,122,134,13
packages/app/src/index.ts,"HttpServer.handleNotFound",MethodDeclaration,136,147,12
packages/app/src/index.ts,"HttpServer.handleServerError",MethodDeclaration,149,160,12
packages/app/src/index.ts,"HttpServer.start",MethodDeclaration,162,176,15
packages/app/src/index.ts,"HttpServer.stop",MethodDeclaration,178,185,8
packages/app/src/index.ts,"<inline>",ArrowFunction,81,97,17
packages/app/src/index.ts,"<inline>",ArrowFunction,100,100,1
packages/app/src/index.ts,"<inline>",ArrowFunction,102,102,1
packages/app/src/index.ts,"<inline>",ArrowFunction,163,175,13
packages/app/src/index.ts,"<inline>",ArrowFunction,167,174,8
packages/app/src/index.ts,"<inline>",ArrowFunction,179,184,6
packages/app/src/index.ts,"<inline>",ArrowFunction,180,183,4
packages/app/src/index.ts,"main",FunctionDeclaration,188,219,32
packages/app/src/index.ts,"<inline>",ArrowFunction,199,203,5
packages/app/src/index.ts,"<inline>",ArrowFunction,205,209,5
packages/config/src/index.ts,"ConfigValidationError",ClassDeclaration,17,25,9
packages/config/src/index.ts,"ConfigValidationError.constructor",Constructor,18,24,7
packages/config/src/index.ts,"EnvironmentConfigSource",ClassDeclaration,27,41,15
packages/config/src/index.ts,"EnvironmentConfigSource.constructor",Constructor,30,32,3
packages/config/src/index.ts,"EnvironmentConfigSource.get",MethodDeclaration,34,36,3
packages/config/src/index.ts,"EnvironmentConfigSource.has",MethodDeclaration,38,40,3
packages/config/src/index.ts,"MemoryConfigSource",ClassDeclaration,43,61,19
packages/config/src/index.ts,"MemoryConfigSource.constructor",Constructor,46,48,3
packages/config/src/index.ts,"MemoryConfigSource.get",MethodDeclaration,50,52,3
packages/config/src/index.ts,"MemoryConfigSource.has",MethodDeclaration,54,56,3
packages/config/src/index.ts,"MemoryConfigSource.set",MethodDeclaration,58,60,3
packages/config/src/index.ts,"ConfigManager",ClassDeclaration,66,171,106
packages/config/src/index.ts,"ConfigManager.constructor",Constructor,70,72,3
packages/config/src/index.ts,"ConfigManager.get",MethodDeclaration,75,85,11
packages/config/src/index.ts,"ConfigManager.has",MethodDeclaration,87,89,3
packages/config/src/index.ts,"ConfigManager.getRequired",MethodDeclaration,94,102,9
packages/config/src/index.ts,"ConfigManager.addValidationRule",MethodDeclaration,107,109,3
packages/config/src/index.ts,"ConfigManager.validate",MethodDeclaration,114,138,25
packages/config/src/index.ts,"ConfigManager.parseValue",MethodDeclaration,140,170,31
packages/config/src/index.ts,"<inline>",ArrowFunction,88,88,1
packages/config/src/index.ts,"isUrl",ArrowFunction,175,182,8
packages/config/src/index.ts,"isPort",ArrowFunction,184,187,4
packages/config/src/index.ts,"isNotDangerousDefault",ArrowFunction,189,197,9
packages/config/src/index.ts,"minLength",ArrowFunction,200,203,4
packages/config/src/index.ts,"<inline>",ArrowFunction,201,203,3
packages/config/src/index.ts,"isOneOf",ArrowFunction,206,209,4
packages/config/src/index.ts,"<inline>",ArrowFunction,207,209,3
packages/config/src/index.ts,"loadConfig",FunctionDeclaration,215,223,9
packages/config/src/index.ts,"loadValidatedConfig",FunctionDeclaration,228,280,53
packages/config/src/index.ts,"validator",ArrowFunction,238,238,1
packages/config/src/index.ts,"validator",ArrowFunction,245,245,1
packages/config/src/index.ts,"getTypedConfig",FunctionDeclaration,313,357,45
packages/config/src/index.ts,"loadTypedConfig",FunctionDeclaration,362,365,4
packages/contracts/src/index.ts,"success",ArrowFunction,80,84,5
packages/contracts/src/index.ts,"failure",ArrowFunction,86,90,5
packages/contracts/src/index.ts,"assertNonNull",FunctionDeclaration,94,101,8
packages/contracts/src/index.ts,"assertNumberFinite",FunctionDeclaration,103,107,5
packages/contracts/src/index.ts,"assertIndexInRange",FunctionDeclaration,109,119,11
packages/contracts/src/index.ts,"fail",FunctionDeclaration,121,123,3
packages/database/src/adapters.ts,"PostgresConnection",ClassDeclaration,10,268,259
packages/database/src/adapters.ts,"PostgresConnection.constructor",Constructor,14,47,34
packages/database/src/adapters.ts,"PostgresConnection.query",MethodDeclaration,49,77,29
packages/database/src/adapters.ts,"PostgresConnection.transaction",MethodDeclaration,79,98,20
packages/database/src/adapters.ts,"PostgresConnection.runTransactionClient",MethodDeclaration,100,120,21
packages/database/src/adapters.ts,"PostgresConnection.executeCallbackAndCommit",MethodDeclaration,122,145,24
packages/database/src/adapters.ts,"PostgresConnection.handleTransactionError",MethodDeclaration,147,160,14
packages/database/src/adapters.ts,"PostgresConnection.acquireClient",MethodDeclaration,162,171,10
packages/database/src/adapters.ts,"PostgresConnection.beginTransaction",MethodDeclaration,173,182,10
packages/database/src/adapters.ts,"PostgresConnection.createTransactionClient",MethodDeclaration,184,199,16
packages/database/src/adapters.ts,"PostgresConnection.safeQuery",MethodDeclaration,201,215,15
packages/database/src/adapters.ts,"PostgresConnection.safeCommit",MethodDeclaration,217,234,18
packages/database/src/adapters.ts,"PostgresConnection.safeRollback",MethodDeclaration,236,245,10
packages/database/src/adapters.ts,"PostgresConnection.safeRelease",MethodDeclaration,247,255,9
packages/database/src/adapters.ts,"PostgresConnection.close",MethodDeclaration,257,267,11
packages/database/src/adapters.ts,"<inline>",ArrowFunction,40,42,3
packages/database/src/adapters.ts,"<inline>",ArrowFunction,44,46,3
packages/database/src/adapters.ts,"query",ArrowFunction,186,191,6
packages/database/src/adapters.ts,"commit",ArrowFunction,192,194,3
packages/database/src/adapters.ts,"rollback",ArrowFunction,195,197,3
packages/database/src/adapters.ts,"RedisCache",ClassDeclaration,271,386,116
packages/database/src/adapters.ts,"RedisCache.constructor",Constructor,275,302,28
packages/database/src/adapters.ts,"RedisCache.connect",MethodDeclaration,304,314,11
packages/database/src/adapters.ts,"RedisCache.get",MethodDeclaration,316,328,13
packages/database/src/adapters.ts,"RedisCache.set",MethodDeclaration,330,347,18
packages/database/src/adapters.ts,"RedisCache.del",MethodDeclaration,349,360,12
packages/database/src/adapters.ts,"RedisCache.exists",MethodDeclaration,362,373,12
packages/database/src/adapters.ts,"RedisCache.close",MethodDeclaration,375,385,11
packages/database/src/adapters.ts,"<inline>",ArrowFunction,295,297,3
packages/database/src/adapters.ts,"<inline>",ArrowFunction,299,301,3
packages/database/src/index.ts,"BaseRepository",ClassDeclaration,43,157,115
packages/database/src/index.ts,"BaseRepository.constructor",Constructor,49,54,6
packages/database/src/index.ts,"BaseRepository.findById",MethodDeclaration,56,56,1
packages/database/src/index.ts,"BaseRepository.save",MethodDeclaration,57,57,1
packages/database/src/index.ts,"BaseRepository.delete",MethodDeclaration,58,58,1
packages/database/src/index.ts,"BaseRepository.findAll",MethodDeclaration,59,59,1
packages/database/src/index.ts,"BaseRepository.findOne",MethodDeclaration,62,74,13
packages/database/src/index.ts,"BaseRepository.findMany",MethodDeclaration,76,88,13
packages/database/src/index.ts,"BaseRepository.execute",MethodDeclaration,90,101,12
packages/database/src/index.ts,"BaseRepository.getCacheKey",MethodDeclaration,104,106,3
packages/database/src/index.ts,"BaseRepository.getFromCache",MethodDeclaration,108,126,19
packages/database/src/index.ts,"BaseRepository.setInCache",MethodDeclaration,128,141,14
packages/database/src/index.ts,"BaseRepository.invalidateCache",MethodDeclaration,143,156,14
packages/database/src/index.ts,"UserRepository",ClassDeclaration,168,248,81
packages/database/src/index.ts,"UserRepository.constructor",Constructor,171,180,10
packages/database/src/index.ts,"UserRepository.findById",MethodDeclaration,182,197,16
packages/database/src/index.ts,"UserRepository.findByEmail",MethodDeclaration,199,209,11
packages/database/src/index.ts,"UserRepository.save",MethodDeclaration,211,223,13
packages/database/src/index.ts,"UserRepository.delete",MethodDeclaration,225,236,12
packages/database/src/index.ts,"UserRepository.findAll",MethodDeclaration,238,247,10
packages/database/src/index.ts,"MigrationRunner",ClassDeclaration,258,370,113
packages/database/src/index.ts,"MigrationRunner.constructor",Constructor,263,266,4
packages/database/src/index.ts,"MigrationRunner.addMigration",MethodDeclaration,268,270,3
packages/database/src/index.ts,"MigrationRunner.initializeMigrationTable",MethodDeclaration,272,280,9
packages/database/src/index.ts,"MigrationRunner.getCurrentVersion",MethodDeclaration,282,285,4
packages/database/src/index.ts,"MigrationRunner.migrate",MethodDeclaration,287,315,29
packages/database/src/index.ts,"MigrationRunner.rollback",MethodDeclaration,317,342,26
packages/database/src/index.ts,"MigrationRunner.runMigration",MethodDeclaration,345,357,13
packages/database/src/index.ts,"MigrationRunner.rollbackMigration",MethodDeclaration,360,369,10
packages/database/src/index.ts,"<inline>",ArrowFunction,303,303,1
packages/database/src/index.ts,"<inline>",ArrowFunction,304,304,1
packages/database/src/index.ts,"<inline>",ArrowFunction,330,330,1
packages/database/src/index.ts,"<inline>",ArrowFunction,331,331,1
packages/database/src/index.ts,"<inline>",ArrowFunction,348,354,7
packages/database/src/index.ts,"<inline>",ArrowFunction,363,366,4
packages/database/src/index.ts,"DatabaseHealthCheck",ClassDeclaration,373,395,23
packages/database/src/index.ts,"DatabaseHealthCheck.constructor",Constructor,376,378,3
packages/database/src/index.ts,"DatabaseHealthCheck.check",MethodDeclaration,380,394,15
packages/database/src/index.ts,"CacheHealthCheck",ClassDeclaration,397,422,26
packages/database/src/index.ts,"CacheHealthCheck.constructor",Constructor,400,402,3
packages/database/src/index.ts,"CacheHealthCheck.check",MethodDeclaration,404,421,18
packages/database/src/repositories/user-adapter.ts,"PostgresUserAdapter",ClassDeclaration,15,164,150
packages/database/src/repositories/user-adapter.ts,"PostgresUserAdapter.constructor",Constructor,19,22,4
packages/database/src/repositories/user-adapter.ts,"PostgresUserAdapter.transformFromDb",MethodDeclaration,24,32,9
packages/database/src/repositories/user-adapter.ts,"PostgresUserAdapter.findById",MethodDeclaration,34,59,26
packages/database/src/repositories/user-adapter.ts,"PostgresUserAdapter.findByEmail",MethodDeclaration,61,86,26
packages/database/src/repositories/user-adapter.ts,"PostgresUserAdapter.save",MethodDeclaration,88,130,43
packages/database/src/repositories/user-adapter.ts,"PostgresUserAdapter.delete",MethodDeclaration,132,142,11
packages/database/src/repositories/user-adapter.ts,"PostgresUserAdapter.findAll",MethodDeclaration,144,163,20
packages/database/src/repositories/user-adapter.ts,"<inline>",ArrowFunction,150,150,1
packages/domain-sample/src/index.ts,"UserService",ClassDeclaration,16,40,25
packages/domain-sample/src/index.ts,"UserService.create",MethodDeclaration,19,31,13
packages/domain-sample/src/index.ts,"UserService.findById",MethodDeclaration,33,35,3
packages/domain-sample/src/index.ts,"UserService.findAll",MethodDeclaration,37,39,3
packages/eslint-plugin-foundation/src/rules/complexity-delta-justified.ts,"getBaseline",FunctionDeclaration,11,18,8
packages/eslint-plugin-foundation/src/rules/require-dbc-on-exported.ts,"isAssertionCall",FunctionDeclaration,12,18,7
packages/events/src/index.ts,"InMemoryEventStore",ClassDeclaration,39,190,152
packages/events/src/index.ts,"InMemoryEventStore.constructor",Constructor,46,48,3
packages/events/src/index.ts,"InMemoryEventStore.saveEvents",MethodDeclaration,50,89,40
packages/events/src/index.ts,"InMemoryEventStore.loadEvents",MethodDeclaration,91,104,14
packages/events/src/index.ts,"InMemoryEventStore.loadEventStream",MethodDeclaration,106,122,17
packages/events/src/index.ts,"InMemoryEventStore.saveSnapshot",MethodDeclaration,124,133,10
packages/events/src/index.ts,"InMemoryEventStore.loadSnapshot",MethodDeclaration,135,141,7
packages/events/src/index.ts,"InMemoryEventStore.subscribe",MethodDeclaration,144,150,7
packages/events/src/index.ts,"InMemoryEventStore.publishEvent",MethodDeclaration,152,166,15
packages/events/src/index.ts,"InMemoryEventStore.getAllEvents",MethodDeclaration,169,179,11
packages/events/src/index.ts,"InMemoryEventStore.getEventsByType",MethodDeclaration,181,184,4
packages/events/src/index.ts,"InMemoryEventStore.getEventsAfter",MethodDeclaration,186,189,4
packages/events/src/index.ts,"<inline>",ArrowFunction,65,74,10
packages/events/src/index.ts,"<inline>",ArrowFunction,100,100,1
packages/events/src/index.ts,"<inline>",ArrowFunction,172,176,5
packages/events/src/index.ts,"<inline>",ArrowFunction,178,178,1
packages/events/src/index.ts,"<inline>",ArrowFunction,183,183,1
packages/events/src/index.ts,"<inline>",ArrowFunction,188,188,1
packages/events/src/index.ts,"AggregateRoot",ClassDeclaration,196,254,59
packages/events/src/index.ts,"AggregateRoot.constructor",Constructor,201,203,3
packages/events/src/index.ts,"AggregateRoot.getId",MethodDeclaration,205,207,3
packages/events/src/index.ts,"AggregateRoot.getVersion",MethodDeclaration,209,211,3
packages/events/src/index.ts,"AggregateRoot.getUncommittedEvents",MethodDeclaration,213,215,3
packages/events/src/index.ts,"AggregateRoot.markEventsAsCommitted",MethodDeclaration,217,219,3
packages/events/src/index.ts,"AggregateRoot.applyEvent",MethodDeclaration,221,225,5
packages/events/src/index.ts,"AggregateRoot.handle",MethodDeclaration,227,227,1
packages/events/src/index.ts,"AggregateRoot.fromHistory",MethodDeclaration,229,253,25
packages/events/src/index.ts,"EventBus",ClassDeclaration,260,300,41
packages/events/src/index.ts,"EventBus.constructor",Constructor,264,266,3
packages/events/src/index.ts,"EventBus.subscribe",MethodDeclaration,268,274,7
packages/events/src/index.ts,"EventBus.publish",MethodDeclaration,276,299,24
packages/events/src/index.ts,"<inline>",ArrowFunction,285,296,12
packages/events/src/index.ts,"DomainEventFactory",ClassDeclaration,305,320,16
packages/events/src/index.ts,"DomainEventFactory.create",MethodDeclaration,306,319,14
packages/observability/src/index.ts,"InMemoryTracer",ClassDeclaration,71,164,94
packages/observability/src/index.ts,"InMemoryTracer.constructor",Constructor,75,77,3
packages/observability/src/index.ts,"InMemoryTracer.startSpan",MethodDeclaration,79,105,27
packages/observability/src/index.ts,"InMemoryTracer.finishSpan",MethodDeclaration,107,121,15
packages/observability/src/index.ts,"InMemoryTracer.extractSpan",MethodDeclaration,123,126,4
packages/observability/src/index.ts,"InMemoryTracer.injectSpan",MethodDeclaration,128,132,5
packages/observability/src/index.ts,"InMemoryTracer.exportSpan",MethodDeclaration,134,150,17
packages/observability/src/index.ts,"InMemoryTracer.getSpan",MethodDeclaration,152,155,4
packages/observability/src/index.ts,"InMemoryTracer.getAllSpans",MethodDeclaration,157,159,3
packages/observability/src/index.ts,"InMemoryTracer.getTrace",MethodDeclaration,161,163,3
packages/observability/src/index.ts,"<inline>",ArrowFunction,162,162,1
packages/observability/src/index.ts,"ConsoleLogOutput",ClassDeclaration,166,177,12
packages/observability/src/index.ts,"ConsoleLogOutput.write",MethodDeclaration,167,176,10
packages/observability/src/index.ts,"StructuredLogOutput",ClassDeclaration,179,193,15
packages/observability/src/index.ts,"StructuredLogOutput.write",MethodDeclaration,180,192,13
packages/observability/src/index.ts,"AppLogger",ClassDeclaration,197,257,61
packages/observability/src/index.ts,"AppLogger.constructor",Constructor,203,211,9
packages/observability/src/index.ts,"AppLogger.setRequestId",MethodDeclaration,213,215,3
packages/observability/src/index.ts,"AppLogger.clearRequestId",MethodDeclaration,217,219,3
packages/observability/src/index.ts,"AppLogger.debug",MethodDeclaration,221,223,3
packages/observability/src/index.ts,"AppLogger.info",MethodDeclaration,225,227,3
packages/observability/src/index.ts,"AppLogger.warn",MethodDeclaration,229,231,3
packages/observability/src/index.ts,"AppLogger.error",MethodDeclaration,233,235,3
packages/observability/src/index.ts,"AppLogger.log",MethodDeclaration,237,252,16
packages/observability/src/index.ts,"AppLogger.child",MethodDeclaration,254,256,3
packages/observability/src/index.ts,"<inline>",ArrowFunction,251,251,1
packages/observability/src/index.ts,"createLogger",FunctionDeclaration,262,269,8
packages/observability/src/index.ts,"SimpleMetrics",ClassDeclaration,293,378,86
packages/observability/src/index.ts,"SimpleMetrics.counter",MethodDeclaration,298,305,8
packages/observability/src/index.ts,"SimpleMetrics.histogram",MethodDeclaration,307,315,9
packages/observability/src/index.ts,"SimpleMetrics.gauge",MethodDeclaration,317,331,15
packages/observability/src/index.ts,"SimpleMetrics.getMetrics",MethodDeclaration,333,339,7
packages/observability/src/index.ts,"SimpleMetrics.getMetricsString",MethodDeclaration,342,377,36
packages/observability/src/index.ts,"inc",ArrowFunction,300,303,4
packages/observability/src/index.ts,"observe",ArrowFunction,309,313,5
packages/observability/src/index.ts,"set",ArrowFunction,319,321,3
packages/observability/src/index.ts,"inc",ArrowFunction,322,325,4
packages/observability/src/index.ts,"dec",ArrowFunction,326,329,4
packages/observability/src/index.ts,"<inline>",ArrowFunction,361,361,1
packages/observability/src/index.ts,"<inline>",ArrowFunction,369,369,1
packages/observability/src/index.ts,"PrometheusMetricsCollector",ClassDeclaration,381,422,42
packages/observability/src/index.ts,"PrometheusMetricsCollector.constructor",Constructor,387,392,6
packages/observability/src/index.ts,"PrometheusMetricsCollector.incrementCounter",MethodDeclaration,394,397,4
packages/observability/src/index.ts,"PrometheusMetricsCollector.setGauge",MethodDeclaration,399,402,4
packages/observability/src/index.ts,"PrometheusMetricsCollector.observeHistogram",MethodDeclaration,404,407,4
packages/observability/src/index.ts,"PrometheusMetricsCollector.getMetrics",MethodDeclaration,409,411,3
packages/observability/src/index.ts,"PrometheusMetricsCollector.recordHttpRequest",MethodDeclaration,414,417,4
packages/observability/src/index.ts,"PrometheusMetricsCollector.setActiveConnections",MethodDeclaration,419,421,3
packages/observability/src/index.ts,"correlationMiddleware",FunctionDeclaration,431,461,31
packages/observability/src/index.ts,"<inline>",ArrowFunction,434,434,1
packages/observability/src/index.ts,"<inline>",ArrowFunction,438,460,23
packages/observability/src/index.ts,"<inline>",ArrowFunction,440,440,1
packages/observability/src/index.ts,"metricsMiddleware",FunctionDeclaration,464,495,32
packages/observability/src/index.ts,"<inline>",ArrowFunction,465,494,30
packages/observability/src/index.ts,"<inline>",ArrowFunction,472,491,20
packages/observability/src/index.ts,"createObservabilitySetup",FunctionDeclaration,498,510,13
packages/observability/src/middleware.ts,"ObservabilityMiddleware",ClassDeclaration,55,418,364
packages/observability/src/middleware.ts,"ObservabilityMiddleware.constructor",Constructor,61,83,23
packages/observability/src/middleware.ts,"ObservabilityMiddleware.buildConfig",MethodDeclaration,85,99,15
packages/observability/src/middleware.ts,"ObservabilityMiddleware.parseLogLevel",MethodDeclaration,101,109,9
packages/observability/src/middleware.ts,"ObservabilityMiddleware.middleware",MethodDeclaration,114,165,52
packages/observability/src/middleware.ts,"ObservabilityMiddleware.errorMiddleware",MethodDeclaration,170,209,40
packages/observability/src/middleware.ts,"ObservabilityMiddleware.metricsEndpoint",MethodDeclaration,214,223,10
packages/observability/src/middleware.ts,"ObservabilityMiddleware.healthEndpoint",MethodDeclaration,228,249,22
packages/observability/src/middleware.ts,"ObservabilityMiddleware.shouldSkipPath",MethodDeclaration,251,256,6
packages/observability/src/middleware.ts,"ObservabilityMiddleware.addCorrelationId",MethodDeclaration,258,262,5
packages/observability/src/middleware.ts,"ObservabilityMiddleware.startTracing",MethodDeclaration,264,281,18
packages/observability/src/middleware.ts,"ObservabilityMiddleware.createRequestLogger",MethodDeclaration,283,310,28
packages/observability/src/middleware.ts,"ObservabilityMiddleware.getRequestContext",MethodDeclaration,312,320,9
packages/observability/src/middleware.ts,"ObservabilityMiddleware.handleRequestCompletion",MethodDeclaration,322,372,51
packages/observability/src/middleware.ts,"ObservabilityMiddleware.handleRequestError",MethodDeclaration,374,389,16
packages/observability/src/middleware.ts,"ObservabilityMiddleware.getLogger",MethodDeclaration,394,396,3
packages/observability/src/middleware.ts,"ObservabilityMiddleware.getMetrics",MethodDeclaration,401,403,3
packages/observability/src/middleware.ts,"ObservabilityMiddleware.getTracer",MethodDeclaration,408,410,3
packages/observability/src/middleware.ts,"ObservabilityMiddleware.getConfig",MethodDeclaration,415,417,3
packages/observability/src/middleware.ts,"<inline>",ArrowFunction,115,164,50
packages/observability/src/middleware.ts,"<inline>",ArrowFunction,154,156,3
packages/observability/src/middleware.ts,"<inline>",ArrowFunction,159,161,3
packages/observability/src/middleware.ts,"<inline>",ArrowFunction,171,208,38
packages/observability/src/middleware.ts,"<inline>",ArrowFunction,215,222,8
packages/observability/src/middleware.ts,"<inline>",ArrowFunction,229,248,20
packages/observability/src/middleware.ts,"<inline>",ArrowFunction,255,255,1
packages/observability/src/middleware.ts,"<inline>",ArrowFunction,293,295,3
packages/observability/src/middleware.ts,"<inline>",ArrowFunction,297,299,3
packages/observability/src/middleware.ts,"<inline>",ArrowFunction,301,303,3
packages/observability/src/middleware.ts,"<inline>",ArrowFunction,305,307,3
packages/observability/src/middleware.ts,"createObservabilityMiddleware",FunctionDeclaration,423,425,3
packages/observability/src/middleware.ts,"createCompleteObservabilitySetup",FunctionDeclaration,430,443,14
packages/performance/src/index.ts,"MemoryCache",ClassDeclaration,39,214,176
packages/performance/src/index.ts,"MemoryCache.constructor",Constructor,52,64,13
packages/performance/src/index.ts,"MemoryCache.get",MethodDeclaration,66,95,30
packages/performance/src/index.ts,"MemoryCache.set",MethodDeclaration,97,118,22
packages/performance/src/index.ts,"MemoryCache.delete",MethodDeclaration,120,126,7
packages/performance/src/index.ts,"MemoryCache.clear",MethodDeclaration,128,137,10
packages/performance/src/index.ts,"MemoryCache.has",MethodDeclaration,139,150,12
packages/performance/src/index.ts,"MemoryCache.size",MethodDeclaration,152,154,3
packages/performance/src/index.ts,"MemoryCache.getStats",MethodDeclaration,156,165,10
packages/performance/src/index.ts,"MemoryCache.evictEntries",MethodDeclaration,167,191,25
packages/performance/src/index.ts,"MemoryCache.cleanup",MethodDeclaration,194,208,15
packages/performance/src/index.ts,"MemoryCache.keys",MethodDeclaration,211,213,3
packages/performance/src/index.ts,"<inline>",ArrowFunction,172,180,9
packages/performance/src/index.ts,"<inline>",ArrowFunction,198,203,6
packages/performance/src/index.ts,"LRUStrategy",ClassDeclaration,217,233,17
packages/performance/src/index.ts,"LRUStrategy.shouldEvict",MethodDeclaration,222,224,3
packages/performance/src/index.ts,"LRUStrategy.onAccess",MethodDeclaration,226,228,3
packages/performance/src/index.ts,"LRUStrategy.onSet",MethodDeclaration,230,232,3
packages/performance/src/index.ts,"LFUStrategy",ClassDeclaration,235,252,18
packages/performance/src/index.ts,"LFUStrategy.shouldEvict",MethodDeclaration,240,242,3
packages/performance/src/index.ts,"LFUStrategy.onAccess",MethodDeclaration,244,247,4
packages/performance/src/index.ts,"LFUStrategy.onSet",MethodDeclaration,249,251,3
packages/performance/src/index.ts,"memoize",FunctionDeclaration,259,294,36
packages/performance/src/index.ts,"<inline>",FunctionExpression,266,293,28
packages/performance/src/index.ts,"<inline>",FunctionExpression,270,290,21
packages/performance/src/index.ts,"<inline>",ArrowFunction,282,285,4
packages/performance/src/index.ts,"CircuitBreaker",ClassDeclaration,310,389,80
packages/performance/src/index.ts,"CircuitBreaker.constructor",Constructor,323,326,4
packages/performance/src/index.ts,"CircuitBreaker.execute",MethodDeclaration,328,349,22
packages/performance/src/index.ts,"CircuitBreaker.onSuccess",MethodDeclaration,351,359,9
packages/performance/src/index.ts,"CircuitBreaker.onFailure",MethodDeclaration,361,373,13
packages/performance/src/index.ts,"CircuitBreaker.getState",MethodDeclaration,375,377,3
packages/performance/src/index.ts,"CircuitBreaker.getMetrics",MethodDeclaration,379,381,3
packages/performance/src/index.ts,"CircuitBreaker.reset",MethodDeclaration,383,388,6
packages/performance/src/index.ts,"RateLimiter",ClassDeclaration,398,468,71
packages/performance/src/index.ts,"RateLimiter.constructor",Constructor,403,406,4
packages/performance/src/index.ts,"RateLimiter.isAllowed",MethodDeclaration,408,433,26
packages/performance/src/index.ts,"RateLimiter.cleanup",MethodDeclaration,435,454,20
packages/performance/src/index.ts,"RateLimiter.getUsage",MethodDeclaration,456,467,12
packages/performance/src/index.ts,"<inline>",ArrowFunction,416,416,1
packages/performance/src/index.ts,"<inline>",ArrowFunction,440,449,10
packages/performance/src/index.ts,"<inline>",ArrowFunction,441,441,1
packages/performance/src/index.ts,"<inline>",ArrowFunction,460,460,1
packages/performance/src/index.ts,"PerformanceMonitor",ClassDeclaration,479,581,103
packages/performance/src/index.ts,"PerformanceMonitor.constructor",Constructor,484,486,3
packages/performance/src/index.ts,"PerformanceMonitor.startTimer",MethodDeclaration,488,490,3
packages/performance/src/index.ts,"PerformanceMonitor.endTimer",MethodDeclaration,492,511,20
packages/performance/src/index.ts,"PerformanceMonitor.recordMetric",MethodDeclaration,513,527,15
packages/performance/src/index.ts,"PerformanceMonitor.getMetrics",MethodDeclaration,529,541,13
packages/performance/src/index.ts,"PerformanceMonitor.getAverageMetric",MethodDeclaration,543,549,7
packages/performance/src/index.ts,"PerformanceMonitor.monitor",MethodDeclaration,552,580,29
packages/performance/src/index.ts,"<inline>",ArrowFunction,533,533,1
packages/performance/src/index.ts,"<inline>",ArrowFunction,537,537,1
packages/performance/src/index.ts,"<inline>",ArrowFunction,547,547,1
packages/performance/src/index.ts,"<inline>",ArrowFunction,553,579,27
packages/performance/src/index.ts,"<inline>",FunctionExpression,557,576,20
packages/performance/src/index.ts,"<inline>",ArrowFunction,565,567,3
packages/performance/src/index.ts,"MemoryMonitor",ClassDeclaration,584,645,62
packages/performance/src/index.ts,"MemoryMonitor.constructor",Constructor,589,599,11
packages/performance/src/index.ts,"MemoryMonitor.getMemoryUsage",MethodDeclaration,601,618,18
packages/performance/src/index.ts,"MemoryMonitor.checkMemoryUsage",MethodDeclaration,620,638,19
packages/performance/src/index.ts,"MemoryMonitor.startMonitoring",MethodDeclaration,640,644,5
packages/performance/src/index.ts,"<inline>",ArrowFunction,641,643,3
packages/performance/src/index.ts,"ConnectionPool",ClassDeclaration,648,762,115
packages/performance/src/index.ts,"ConnectionPool.constructor",Constructor,658,672,15
packages/performance/src/index.ts,"ConnectionPool.acquire",MethodDeclaration,674,704,31
packages/performance/src/index.ts,"ConnectionPool.release",MethodDeclaration,706,727,22
packages/performance/src/index.ts,"ConnectionPool.destroy",MethodDeclaration,729,741,13
packages/performance/src/index.ts,"ConnectionPool.getTotalSize",MethodDeclaration,743,745,3
packages/performance/src/index.ts,"ConnectionPool.getStats",MethodDeclaration,747,761,15
packages/performance/src/index.ts,"<inline>",ArrowFunction,737,737,1
packages/performance/src/monitoring.ts,"PerformanceMonitoringMiddleware",ClassDeclaration,61,362,302
packages/performance/src/monitoring.ts,"PerformanceMonitoringMiddleware.constructor",Constructor,68,86,19
packages/performance/src/monitoring.ts,"PerformanceMonitoringMiddleware.middleware",MethodDeclaration,89,142,54
packages/performance/src/monitoring.ts,"PerformanceMonitoringMiddleware.recordRequest",MethodDeclaration,145,180,36
packages/performance/src/monitoring.ts,"PerformanceMonitoringMiddleware.updateMetrics",MethodDeclaration,183,216,34
packages/performance/src/monitoring.ts,"PerformanceMonitoringMiddleware.createEmptyMetrics",MethodDeclaration,219,234,16
packages/performance/src/monitoring.ts,"PerformanceMonitoringMiddleware.cleanupOldMetrics",MethodDeclaration,237,245,9
packages/performance/src/monitoring.ts,"PerformanceMonitoringMiddleware.getGlobalMetrics",MethodDeclaration,248,254,7
packages/performance/src/monitoring.ts,"PerformanceMonitoringMiddleware.getEndpointMetrics",MethodDeclaration,257,262,6
packages/performance/src/monitoring.ts,"PerformanceMonitoringMiddleware.getSlowRequests",MethodDeclaration,265,271,7
packages/performance/src/monitoring.ts,"PerformanceMonitoringMiddleware.getErrorRequests",MethodDeclaration,274,279,6
packages/performance/src/monitoring.ts,"PerformanceMonitoringMiddleware.getPrometheusMetrics",MethodDeclaration,282,335,54
packages/performance/src/monitoring.ts,"PerformanceMonitoringMiddleware.getDashboardData",MethodDeclaration,338,354,17
packages/performance/src/monitoring.ts,"PerformanceMonitoringMiddleware.reset",MethodDeclaration,357,361,5
packages/performance/src/monitoring.ts,"<inline>",ArrowFunction,85,85,1
packages/performance/src/monitoring.ts,"<inline>",ArrowFunction,90,141,52
packages/performance/src/monitoring.ts,"<inline>",FunctionExpression,105,138,34
packages/performance/src/monitoring.ts,"<inline>",ArrowFunction,214,214,1
packages/performance/src/monitoring.ts,"<inline>",ArrowFunction,239,239,1
packages/performance/src/monitoring.ts,"<inline>",ArrowFunction,243,243,1
packages/performance/src/monitoring.ts,"<inline>",ArrowFunction,258,261,4
packages/performance/src/monitoring.ts,"<inline>",ArrowFunction,268,268,1
packages/performance/src/monitoring.ts,"<inline>",ArrowFunction,269,269,1
packages/performance/src/monitoring.ts,"<inline>",ArrowFunction,276,276,1
packages/performance/src/monitoring.ts,"<inline>",ArrowFunction,277,277,1
packages/performance/src/monitoring.ts,"createPerformanceMiddleware",FunctionDeclaration,365,367,3
packages/refactor-cli/src/apply.ts,"runApply",FunctionDeclaration,15,60,46
packages/refactor-cli/src/apply.ts,"<inline>",ArrowFunction,20,20,1
packages/refactor-cli/src/apply.ts,"<inline>",ArrowFunction,21,21,1
packages/refactor-cli/src/apply.ts,"<inline>",ArrowFunction,51,51,1
packages/refactor-cli/src/guard.ts,"runGuard",FunctionDeclaration,7,33,27
packages/refactor-cli/src/guard.ts,"<inline>",ArrowFunction,21,21,1
packages/refactor-cli/src/guard.ts,"<inline>",ArrowFunction,28,28,1
packages/refactor-cli/src/init.ts,"runInit",FunctionDeclaration,5,31,27
packages/refactor-cli/src/plan.ts,"runPlan",FunctionDeclaration,6,17,12
packages/refactor-cli/src/pr.ts,"runPr",FunctionDeclaration,7,52,46
packages/refactor-cli/src/scan.ts,"runScan",FunctionDeclaration,15,52,38
packages/refactor-cli/src/scan.ts,"<inline>",ArrowFunction,27,27,1
packages/refactor-cli/src/scan.ts,"<inline>",ArrowFunction,32,36,5
packages/refactor-cli/src/scan.ts,"<inline>",ArrowFunction,43,43,1
packages/refactor-cli/src/util.ts,"findRepoRoot",FunctionDeclaration,15,23,9
packages/refactor-cli/src/util.ts,"loadRules",FunctionDeclaration,25,31,7
packages/refactor-cli/src/util.ts,"relativeToRoot",FunctionDeclaration,33,37,5
packages/security/src/index.ts,"AuthenticationService",ClassDeclaration,63,342,280
packages/security/src/index.ts,"AuthenticationService.constructor",Constructor,73,89,17
packages/security/src/index.ts,"AuthenticationService.hashPassword",MethodDeclaration,91,102,12
packages/security/src/index.ts,"AuthenticationService.verifyPassword",MethodDeclaration,104,115,12
packages/security/src/index.ts,"AuthenticationService.generateTokens",MethodDeclaration,117,179,63
packages/security/src/index.ts,"AuthenticationService.verifyAccessToken",MethodDeclaration,181,214,34
packages/security/src/index.ts,"AuthenticationService.refreshAccessToken",MethodDeclaration,216,260,45
packages/security/src/index.ts,"AuthenticationService.revokeToken",MethodDeclaration,262,279,18
packages/security/src/index.ts,"AuthenticationService.revokeAllUserTokens",MethodDeclaration,281,298,18
packages/security/src/index.ts,"AuthenticationService.generateSessionId",MethodDeclaration,300,302,3
packages/security/src/index.ts,"AuthenticationService.getActiveSessions",MethodDeclaration,305,319,15
packages/security/src/index.ts,"AuthenticationService.cleanupExpiredSessions",MethodDeclaration,321,341,21
packages/security/src/index.ts,"<inline>",ArrowFunction,284,288,5
packages/security/src/index.ts,"<inline>",ArrowFunction,308,316,9
packages/security/src/index.ts,"<inline>",ArrowFunction,325,330,6
packages/security/src/index.ts,"AuthorizationService",ClassDeclaration,347,451,105
packages/security/src/index.ts,"AuthorizationService.constructor",Constructor,351,353,3
packages/security/src/index.ts,"AuthorizationService.addRole",MethodDeclaration,355,361,7
packages/security/src/index.ts,"AuthorizationService.hasPermission",MethodDeclaration,363,395,33
packages/security/src/index.ts,"AuthorizationService.matchesPermission",MethodDeclaration,397,424,28
packages/security/src/index.ts,"AuthorizationService.matchesPattern",MethodDeclaration,426,437,12
packages/security/src/index.ts,"AuthorizationService.getUserPermissions",MethodDeclaration,439,450,12
packages/security/src/index.ts,"SecurityUtils",ClassDeclaration,456,534,79
packages/security/src/index.ts,"SecurityUtils.generateSecureToken",MethodDeclaration,459,461,3
packages/security/src/index.ts,"SecurityUtils.generateApiKey",MethodDeclaration,463,467,5
packages/security/src/index.ts,"SecurityUtils.hashApiKey",MethodDeclaration,469,471,3
packages/security/src/index.ts,"SecurityUtils.verifyApiKey",MethodDeclaration,473,483,11
packages/security/src/index.ts,"SecurityUtils.sanitizeInput",MethodDeclaration,485,490,6
packages/security/src/index.ts,"SecurityUtils.isStrongPassword",MethodDeclaration,492,502,11
packages/security/src/index.ts,"SecurityUtils.validateEmail",MethodDeclaration,504,507,4
packages/security/src/index.ts,"SecurityUtils.rateLimit",MethodDeclaration,509,531,23
packages/security/src/index.ts,"<inline>",ArrowFunction,523,528,6
packages/security/src/index.ts,"AuthMiddleware",ClassDeclaration,537,621,85
packages/security/src/index.ts,"AuthMiddleware.constructor",Constructor,542,550,9
packages/security/src/index.ts,"AuthMiddleware.authenticate",MethodDeclaration,552,585,34
packages/security/src/index.ts,"AuthMiddleware.authorize",MethodDeclaration,587,620,34
packages/security/src/index.ts,"<inline>",ArrowFunction,553,584,32
packages/security/src/index.ts,"<inline>",ArrowFunction,588,619,32
packages/selfheal-ingest/src/index.test.ts,"<inline>",ArrowFunction,10,12,3
packages/selfheal-ingest/src/index.test.ts,"<inline>",ArrowFunction,11,11,1
packages/selfheal-ingest/src/index.test.ts,"<inline>",ArrowFunction,14,21,8
packages/selfheal-ingest/src/index.test.ts,"<inline>",ArrowFunction,23,86,64
packages/selfheal-ingest/src/index.test.ts,"<inline>",ArrowFunction,26,29,4
packages/selfheal-ingest/src/index.test.ts,"<inline>",ArrowFunction,31,85,55
packages/selfheal-ingest/src/index.test.ts,"<inline>",ArrowFunction,32,46,15
packages/selfheal-ingest/src/index.test.ts,"<inline>",ArrowFunction,48,60,13
packages/selfheal-ingest/src/index.test.ts,"<inline>",ArrowFunction,62,84,23
packages/selfheal-ingest/src/index.test.ts,"<inline>",ArrowFunction,88,158,71
packages/selfheal-ingest/src/index.test.ts,"<inline>",ArrowFunction,89,110,22
packages/selfheal-ingest/src/index.test.ts,"<inline>",ArrowFunction,90,101,12
packages/selfheal-ingest/src/index.test.ts,"<inline>",ArrowFunction,103,109,7
packages/selfheal-ingest/src/index.test.ts,"<inline>",ArrowFunction,112,131,20
packages/selfheal-ingest/src/index.test.ts,"<inline>",ArrowFunction,113,122,10
packages/selfheal-ingest/src/index.test.ts,"<inline>",ArrowFunction,124,130,7
packages/selfheal-ingest/src/index.test.ts,"<inline>",ArrowFunction,133,157,25
packages/selfheal-ingest/src/index.test.ts,"<inline>",ArrowFunction,134,144,11
packages/selfheal-ingest/src/index.test.ts,"<inline>",ArrowFunction,146,156,11
packages/selfheal-ingest/src/index.ts,"SelfHealIngest",ClassDeclaration,57,355,299
packages/selfheal-ingest/src/index.ts,"SelfHealIngest.constructor",Constructor,68,71,4
packages/selfheal-ingest/src/index.ts,"SelfHealIngest.processLogEntry",MethodDeclaration,76,94,19
packages/selfheal-ingest/src/index.ts,"SelfHealIngest.createFingerprint",MethodDeclaration,99,122,24
packages/selfheal-ingest/src/index.ts,"SelfHealIngest.extractErrorPattern",MethodDeclaration,127,137,11
packages/selfheal-ingest/src/index.ts,"SelfHealIngest.extractStackSignature",MethodDeclaration,142,157,16
packages/selfheal-ingest/src/index.ts,"SelfHealIngest.classifyErrorType",MethodDeclaration,162,206,45
packages/selfheal-ingest/src/index.ts,"SelfHealIngest.updateFingerprint",MethodDeclaration,211,239,29
packages/selfheal-ingest/src/index.ts,"SelfHealIngest.calculateSeverity",MethodDeclaration,244,249,6
packages/selfheal-ingest/src/index.ts,"SelfHealIngest.evaluateForHealing",MethodDeclaration,254,291,38
packages/selfheal-ingest/src/index.ts,"SelfHealIngest.getFingerprints",MethodDeclaration,296,298,3
packages/selfheal-ingest/src/index.ts,"SelfHealIngest.getFingerprint",MethodDeclaration,303,305,3
packages/selfheal-ingest/src/index.ts,"SelfHealIngest.updateFingerprintStatus",MethodDeclaration,310,316,7
packages/selfheal-ingest/src/index.ts,"SelfHealIngest.getFingerprintsByService",MethodDeclaration,321,323,3
packages/selfheal-ingest/src/index.ts,"SelfHealIngest.getFingerprintsBySeverity",MethodDeclaration,328,330,3
packages/selfheal-ingest/src/index.ts,"SelfHealIngest.cleanup",MethodDeclaration,335,354,20
packages/selfheal-ingest/src/index.ts,"<inline>",ArrowFunction,148,148,1
packages/selfheal-ingest/src/index.ts,"<inline>",ArrowFunction,150,154,5
packages/selfheal-ingest/src/index.ts,"<inline>",ArrowFunction,322,322,1
packages/selfheal-ingest/src/index.ts,"<inline>",ArrowFunction,329,329,1
packages/selfheal-ingest/src/index.ts,"<inline>",ArrowFunction,346,346,1
packages/selfheal-ingest/src/index.ts,"LogParser",ClassDeclaration,360,421,62
packages/selfheal-ingest/src/index.ts,"LogParser.parseJsonLog",MethodDeclaration,364,381,18
packages/selfheal-ingest/src/index.ts,"LogParser.parseStandardLog",MethodDeclaration,386,400,15
packages/selfheal-ingest/src/index.ts,"LogParser.parseContainerLog",MethodDeclaration,405,420,16
packages/selfheal-llm/src/index.test.ts,"<inline>",ArrowFunction,15,23,9
packages/selfheal-llm/src/index.test.ts,"<inline>",ArrowFunction,26,33,8
packages/selfheal-llm/src/index.test.ts,"<inline>",ArrowFunction,35,196,162
packages/selfheal-llm/src/index.test.ts,"<inline>",ArrowFunction,36,52,17
packages/selfheal-llm/src/index.test.ts,"<inline>",ArrowFunction,37,42,6
packages/selfheal-llm/src/index.test.ts,"<inline>",ArrowFunction,44,51,8
packages/selfheal-llm/src/index.test.ts,"<inline>",ArrowFunction,54,62,9
packages/selfheal-llm/src/index.test.ts,"<inline>",ArrowFunction,55,61,7
packages/selfheal-llm/src/index.test.ts,"<inline>",ArrowFunction,64,108,45
packages/selfheal-llm/src/index.test.ts,"<inline>",ArrowFunction,67,69,3
packages/selfheal-llm/src/index.test.ts,"<inline>",ArrowFunction,71,73,3
packages/selfheal-llm/src/index.test.ts,"<inline>",ArrowFunction,75,79,5
packages/selfheal-llm/src/index.test.ts,"<inline>",ArrowFunction,81,93,13
packages/selfheal-llm/src/index.test.ts,"<inline>",ArrowFunction,95,107,13
packages/selfheal-llm/src/index.test.ts,"<inline>",ArrowFunction,110,147,38
packages/selfheal-llm/src/index.test.ts,"<inline>",ArrowFunction,111,120,10
packages/selfheal-llm/src/index.test.ts,"<inline>",ArrowFunction,116,119,4
packages/selfheal-llm/src/index.test.ts,"<inline>",ArrowFunction,122,131,10
packages/selfheal-llm/src/index.test.ts,"<inline>",ArrowFunction,127,130,4
packages/selfheal-llm/src/index.test.ts,"<inline>",ArrowFunction,133,146,14
packages/selfheal-llm/src/index.test.ts,"<inline>",ArrowFunction,135,139,5
packages/selfheal-llm/src/index.test.ts,"<inline>",ArrowFunction,142,145,4
packages/selfheal-llm/src/index.test.ts,"<inline>",ArrowFunction,149,178,30
packages/selfheal-llm/src/index.test.ts,"<inline>",ArrowFunction,150,163,14
packages/selfheal-llm/src/index.test.ts,"<inline>",ArrowFunction,165,177,13
packages/selfheal-llm/src/index.test.ts,"<inline>",ArrowFunction,180,195,16
packages/selfheal-llm/src/index.test.ts,"<inline>",ArrowFunction,181,186,6
packages/selfheal-llm/src/index.test.ts,"<inline>",ArrowFunction,188,194,7
packages/selfheal-llm/src/llm-client.ts,"OpenAIClient",ClassDeclaration,81,213,133
packages/selfheal-llm/src/llm-client.ts,"OpenAIClient.constructor",Constructor,86,101,16
packages/selfheal-llm/src/llm-client.ts,"OpenAIClient.ensureOpenAIClient",MethodDeclaration,106,127,22
packages/selfheal-llm/src/llm-client.ts,"OpenAIClient.complete",MethodDeclaration,132,193,62
packages/selfheal-llm/src/llm-client.ts,"OpenAIClient.isConfigured",MethodDeclaration,198,205,8
packages/selfheal-llm/src/llm-client.ts,"OpenAIClient.getAvailableModels",MethodDeclaration,210,212,3
packages/selfheal-llm/src/llm-client.ts,"MockLLMClient",ClassDeclaration,218,282,65
packages/selfheal-llm/src/llm-client.ts,"MockLLMClient.constructor",Constructor,221,243,23
packages/selfheal-llm/src/llm-client.ts,"MockLLMClient.addMockResponse",MethodDeclaration,248,250,3
packages/selfheal-llm/src/llm-client.ts,"MockLLMClient.complete",MethodDeclaration,252,273,22
packages/selfheal-llm/src/llm-client.ts,"MockLLMClient.isConfigured",MethodDeclaration,275,277,3
packages/selfheal-llm/src/llm-client.ts,"MockLLMClient.getAvailableModels",MethodDeclaration,279,281,3
packages/selfheal-llm/src/llm-client.ts,"createLLMClient",FunctionDeclaration,287,299,13
packages/selfheal-llm/src/patch-validator.ts,"PatchValidator",ClassDeclaration,14,207,194
packages/selfheal-llm/src/patch-validator.ts,"PatchValidator.generateTraceId",MethodDeclaration,18,20,3
packages/selfheal-llm/src/patch-validator.ts,"PatchValidator.validate",MethodDeclaration,25,60,36
packages/selfheal-llm/src/patch-validator.ts,"PatchValidator.validateSyntax",MethodDeclaration,65,89,25
packages/selfheal-llm/src/patch-validator.ts,"PatchValidator.validateSecurity",MethodDeclaration,94,118,25
packages/selfheal-llm/src/patch-validator.ts,"PatchValidator.validatePerformance",MethodDeclaration,123,147,25
packages/selfheal-llm/src/patch-validator.ts,"PatchValidator.validateCompatibility",MethodDeclaration,152,173,22
packages/selfheal-llm/src/patch-validator.ts,"PatchValidator.calculateRisk",MethodDeclaration,178,188,11
packages/selfheal-llm/src/patch-validator.ts,"PatchValidator.getRecommendation",MethodDeclaration,193,206,14
packages/selfheal-llm/src/patch-validator.ts,"<inline>",ArrowFunction,53,53,1
packages/selfheal-llm/src/patch-validator.ts,"<inline>",ArrowFunction,54,54,1
packages/selfheal-llm/src/patch-validator.ts,"<inline>",ArrowFunction,56,56,1
packages/selfheal-llm/src/patch-validator.ts,"<inline>",ArrowFunction,57,57,1
packages/selfheal-llm/src/patch-validator.ts,"<inline>",ArrowFunction,180,180,1
packages/selfheal-llm/src/prompt-manager.ts,"PromptManager",ClassDeclaration,13,84,72
packages/selfheal-llm/src/prompt-manager.ts,"PromptManager.constructor",Constructor,17,19,3
packages/selfheal-llm/src/prompt-manager.ts,"PromptManager.loadPrompt",MethodDeclaration,24,38,15
packages/selfheal-llm/src/prompt-manager.ts,"PromptManager.loadAllPrompts",MethodDeclaration,43,62,20
packages/selfheal-llm/src/prompt-manager.ts,"PromptManager.processTemplate",MethodDeclaration,67,76,10
packages/selfheal-llm/src/prompt-manager.ts,"PromptManager.clearCache",MethodDeclaration,81,83,3
packages/selfheal-llm/src/selfheal-engine.ts,"SelfHealEngine",ClassDeclaration,32,746,715
packages/selfheal-llm/src/selfheal-engine.ts,"SelfHealEngine.constructor",Constructor,39,56,18
packages/selfheal-llm/src/selfheal-engine.ts,"SelfHealEngine.createValidatedConfig",MethodDeclaration,61,101,41
packages/selfheal-llm/src/selfheal-engine.ts,"SelfHealEngine.heal",MethodDeclaration,106,190,85
packages/selfheal-llm/src/selfheal-engine.ts,"SelfHealEngine.ensureLLMClient",MethodDeclaration,195,206,12
packages/selfheal-llm/src/selfheal-engine.ts,"SelfHealEngine.executeLLMRequest",MethodDeclaration,211,252,42
packages/selfheal-llm/src/selfheal-engine.ts,"SelfHealEngine.classifyIssue",MethodDeclaration,257,301,45
packages/selfheal-llm/src/selfheal-engine.ts,"SelfHealEngine.proposePatch",MethodDeclaration,306,363,58
packages/selfheal-llm/src/selfheal-engine.ts,"SelfHealEngine.validatePatch",MethodDeclaration,368,444,77
packages/selfheal-llm/src/selfheal-engine.ts,"SelfHealEngine.critiquePatch",MethodDeclaration,449,529,81
packages/selfheal-llm/src/selfheal-engine.ts,"SelfHealEngine.calculateOverallRisk",MethodDeclaration,534,545,12
packages/selfheal-llm/src/selfheal-engine.ts,"SelfHealEngine.generateTests",MethodDeclaration,550,599,50
packages/selfheal-llm/src/selfheal-engine.ts,"SelfHealEngine.generateCommitMessage",MethodDeclaration,604,609,6
packages/selfheal-llm/src/selfheal-engine.ts,"SelfHealEngine.generatePullRequestBody",MethodDeclaration,614,691,78
packages/selfheal-llm/src/selfheal-engine.ts,"SelfHealEngine.getAnalyzerSummary",MethodDeclaration,696,710,15
packages/selfheal-llm/src/selfheal-engine.ts,"SelfHealEngine.generateIssueId",MethodDeclaration,715,717,3
packages/selfheal-llm/src/selfheal-engine.ts,"SelfHealEngine.generateTraceId",MethodDeclaration,722,724,3
packages/selfheal-llm/src/selfheal-engine.ts,"SelfHealEngine.calculateOverallConfidence",MethodDeclaration,729,745,17
packages/selfheal-llm/src/selfheal-engine.ts,"<inline>",ArrowFunction,167,177,11
packages/selfheal-llm/src/selfheal-engine.ts,"<inline>",ArrowFunction,409,419,11
packages/selfheal-llm/src/selfheal-engine.ts,"<inline>",ArrowFunction,492,495,4
packages/selfheal-llm/src/selfheal-engine.ts,"<inline>",ArrowFunction,494,494,1
packages/selfheal-llm/src/selfheal-engine.ts,"<inline>",ArrowFunction,504,504,1
packages/selfheal-llm/src/selfheal-engine.ts,"<inline>",ArrowFunction,504,504,1
packages/selfheal-llm/src/selfheal-engine.ts,"<inline>",ArrowFunction,511,511,1
packages/selfheal-llm/src/selfheal-engine.ts,"<inline>",ArrowFunction,511,511,1
packages/selfheal-llm/src/selfheal-engine.ts,"<inline>",ArrowFunction,539,539,1
packages/selfheal-llm/src/selfheal-engine.ts,"<inline>",ArrowFunction,681,681,1
packages/selfheal-llm/src/selfheal-engine.ts,"<inline>",ArrowFunction,685,685,1
packages/selfheal-llm/src/test-synthesizer.ts,"TestSynthesizer",ClassDeclaration,14,219,206
packages/selfheal-llm/src/test-synthesizer.ts,"TestSynthesizer.synthesize",MethodDeclaration,18,35,18
packages/selfheal-llm/src/test-synthesizer.ts,"TestSynthesizer.generateUnitTests",MethodDeclaration,40,56,17
packages/selfheal-llm/src/test-synthesizer.ts,"TestSynthesizer.generateIntegrationTests",MethodDeclaration,61,66,6
packages/selfheal-llm/src/test-synthesizer.ts,"TestSynthesizer.generateRegressionTests",MethodDeclaration,71,87,17
packages/selfheal-llm/src/test-synthesizer.ts,"TestSynthesizer.generateUnitTestContent",MethodDeclaration,92,149,58
packages/selfheal-llm/src/test-synthesizer.ts,"TestSynthesizer.generateRegressionTestContent",MethodDeclaration,154,182,29
packages/selfheal-llm/src/test-synthesizer.ts,"TestSynthesizer.estimateCoverage",MethodDeclaration,187,207,21
packages/selfheal-llm/src/test-synthesizer.ts,"TestSynthesizer.toPascalCase",MethodDeclaration,212,218,7
packages/selfheal-llm/src/test-synthesizer.ts,"<inline>",ArrowFunction,216,216,1
packages/selfheal-llm/src/test-synthesizer.ts,"<inline>",ArrowFunction,217,217,1
packages/selfheal-worker/src/index.test.ts,"<inline>",ArrowFunction,23,25,3
packages/selfheal-worker/src/index.test.ts,"<inline>",ArrowFunction,24,24,1
packages/selfheal-worker/src/index.test.ts,"<inline>",ArrowFunction,27,34,8
packages/selfheal-worker/src/index.test.ts,"<inline>",ArrowFunction,36,38,3
packages/selfheal-worker/src/index.test.ts,"<inline>",ArrowFunction,40,42,3
packages/selfheal-worker/src/index.test.ts,"<inline>",ArrowFunction,44,183,140
packages/selfheal-worker/src/index.test.ts,"<inline>",ArrowFunction,47,54,8
packages/selfheal-worker/src/index.test.ts,"<inline>",ArrowFunction,56,65,10
packages/selfheal-worker/src/index.test.ts,"<inline>",ArrowFunction,57,59,3
packages/selfheal-worker/src/index.test.ts,"<inline>",ArrowFunction,61,64,4
packages/selfheal-worker/src/index.test.ts,"<inline>",ArrowFunction,67,114,48
packages/selfheal-worker/src/index.test.ts,"<inline>",ArrowFunction,68,90,23
packages/selfheal-worker/src/index.test.ts,"<inline>",ArrowFunction,85,87,3
packages/selfheal-worker/src/index.test.ts,"<inline>",ArrowFunction,92,113,22
packages/selfheal-worker/src/index.test.ts,"<inline>",ArrowFunction,109,112,4
packages/selfheal-worker/src/index.test.ts,"<inline>",ArrowFunction,116,129,14
packages/selfheal-worker/src/index.test.ts,"<inline>",ArrowFunction,117,128,12
packages/selfheal-worker/src/index.test.ts,"<inline>",ArrowFunction,131,182,52
packages/selfheal-worker/src/index.test.ts,"<inline>",ArrowFunction,132,154,23
packages/selfheal-worker/src/index.test.ts,"<inline>",ArrowFunction,156,181,26
packages/selfheal-worker/src/index.ts,"SelfHealWorker",ClassDeclaration,64,617,554
packages/selfheal-worker/src/index.ts,"SelfHealWorker.constructor",Constructor,73,86,14
packages/selfheal-worker/src/index.ts,"SelfHealWorker.start",MethodDeclaration,91,110,20
packages/selfheal-worker/src/index.ts,"SelfHealWorker.stop",MethodDeclaration,115,118,4
packages/selfheal-worker/src/index.ts,"SelfHealWorker.registerStrategy",MethodDeclaration,123,130,8
packages/selfheal-worker/src/index.ts,"SelfHealWorker.setupEventListeners",MethodDeclaration,135,143,9
packages/selfheal-worker/src/index.ts,"SelfHealWorker.handleHealingTrigger",MethodDeclaration,148,174,27
packages/selfheal-worker/src/index.ts,"SelfHealWorker.handleFingerprintUpdate",MethodDeclaration,179,192,14
packages/selfheal-worker/src/index.ts,"SelfHealWorker.initiateHealing",MethodDeclaration,197,288,92
packages/selfheal-worker/src/index.ts,"SelfHealWorker.buildHealingContext",MethodDeclaration,293,311,19
packages/selfheal-worker/src/index.ts,"SelfHealWorker.selectStrategies",MethodDeclaration,316,332,17
packages/selfheal-worker/src/index.ts,"SelfHealWorker.assessActiveFingerprints",MethodDeclaration,337,356,20
packages/selfheal-worker/src/index.ts,"SelfHealWorker.shouldTriggerProactiveHealing",MethodDeclaration,361,377,17
packages/selfheal-worker/src/index.ts,"SelfHealWorker.registerDefaultStrategies",MethodDeclaration,382,448,67
packages/selfheal-worker/src/index.ts,"SelfHealWorker.llmHealingStrategy",MethodDeclaration,453,494,42
packages/selfheal-worker/src/index.ts,"SelfHealWorker.buildLLMPrompt",MethodDeclaration,499,535,37
packages/selfheal-worker/src/index.ts,"SelfHealWorker.parseLLMResponse",MethodDeclaration,540,575,36
packages/selfheal-worker/src/index.ts,"SelfHealWorker.getHealingStats",MethodDeclaration,580,595,16
packages/selfheal-worker/src/index.ts,"SelfHealWorker.cleanup",MethodDeclaration,600,616,17
packages/selfheal-worker/src/index.ts,"<inline>",ArrowFunction,100,102,3
packages/selfheal-worker/src/index.ts,"<inline>",ArrowFunction,105,107,3
packages/selfheal-worker/src/index.ts,"<inline>",ArrowFunction,136,138,3
packages/selfheal-worker/src/index.ts,"<inline>",ArrowFunction,140,142,3
packages/selfheal-worker/src/index.ts,"<inline>",ArrowFunction,319,321,3
packages/selfheal-worker/src/index.ts,"<inline>",ArrowFunction,323,329,7
packages/selfheal-worker/src/index.ts,"<inline>",ArrowFunction,342,342,1
packages/selfheal-worker/src/index.ts,"execute",ArrowFunction,389,408,20
packages/selfheal-worker/src/index.ts,"execute",ArrowFunction,417,435,19
packages/selfheal-worker/src/index.ts,"execute",ArrowFunction,444,446,3
packages/selfheal-worker/src/index.ts,"<inline>",ArrowFunction,544,550,7
packages/selfheal-worker/src/index.ts,"<inline>",ArrowFunction,585,585,1
packages/selfheal-worker/src/index.ts,"<inline>",ArrowFunction,589,589,1
packages/selfheal-worker/src/index.ts,"<inline>",ArrowFunction,590,590,1
packages/selfheal-worker/src/index.ts,"<inline>",ArrowFunction,591,591,1
packages/selfheal-worker/src/index.ts,"<inline>",ArrowFunction,592,592,1
packages/ts-codemods/src/add-config-loader.ts,"addConfigLoader",ArrowFunction,6,38,33
packages/ts-codemods/src/add-config-loader.ts,"addConfigLoader",ArrowFunction,6,38,33
packages/ts-codemods/src/add-config-loader.ts,"<inline>",ArrowFunction,13,21,9
packages/ts-codemods/src/add-config-loader.ts,"<inline>",ArrowFunction,24,24,1
packages/ts-codemods/src/add-dbc-guards.ts,"ensureImport",FunctionDeclaration,6,13,8
packages/ts-codemods/src/add-dbc-guards.ts,"<inline>",ArrowFunction,7,7,1
packages/ts-codemods/src/add-dbc-guards.ts,"addGuards",FunctionDeclaration,15,37,23
packages/ts-codemods/src/add-dbc-guards.ts,"<inline>",ArrowFunction,21,21,1
packages/ts-codemods/src/add-dbc-guards.ts,"<inline>",ArrowFunction,22,22,1
packages/ts-codemods/src/add-dbc-guards.ts,"<inline>",ArrowFunction,25,33,9
packages/ts-codemods/src/add-dbc-guards.ts,"addDbcGuards",ArrowFunction,39,58,20
packages/ts-codemods/src/add-dbc-guards.ts,"addDbcGuards",ArrowFunction,39,58,20
packages/ts-codemods/src/add-dbc-guards.ts,"<inline>",ArrowFunction,42,52,11
packages/ts-codemods/src/add-dbc-guards.ts,"<inline>",ArrowFunction,45,50,6
packages/ts-codemods/src/add-strangler-facade.ts,"addStranglerFacade",ArrowFunction,5,23,19
packages/ts-codemods/src/add-strangler-facade.ts,"addStranglerFacade",ArrowFunction,5,23,19
packages/ts-codemods/src/add-strangler-facade.ts,"<inline>",ArrowFunction,8,17,10
packages/ts-codemods/src/extract-functional-core.ts,"extractFunctionalCore",ArrowFunction,7,36,30
packages/ts-codemods/src/extract-functional-core.ts,"extractFunctionalCore",ArrowFunction,7,36,30
packages/ts-codemods/src/extract-functional-core.ts,"<inline>",ArrowFunction,10,30,21
packages/ts-codemods/src/extract-functional-core.ts,"<inline>",ArrowFunction,12,28,17
packages/ts-codemods/src/types.ts,"result",FunctionDeclaration,16,19,4
packages/ts-codemods/src/types.ts,"<inline>",ArrowFunction,18,18,1
packages/ts-codemods/src/wrap-adapter-resilience.ts,"wrapAdapterResilience",ArrowFunction,5,28,24
packages/ts-codemods/src/wrap-adapter-resilience.ts,"wrapAdapterResilience",ArrowFunction,5,28,24
packages/ts-codemods/src/wrap-adapter-resilience.ts,"<inline>",ArrowFunction,8,22,15
packages/ts-codemods/src/wrap-adapter-resilience.ts,"<inline>",ArrowFunction,10,20,11
packages/ts-codemods/tests/run-tests.ts,"testAddConfigLoader",FunctionDeclaration,6,12,7
packages/ts-codemods/tests/run-tests.ts,"testAddDbcGuards",FunctionDeclaration,14,20,7
packages/ts-codemods/tests/run-tests.ts,"testExtractFunctionalCore",FunctionDeclaration,22,31,10
packages/utils/src/index.ts,"ensureString",FunctionDeclaration,8,12,5
packages/utils/src/index.ts,"ensureNumber",FunctionDeclaration,14,18,5
packages/utils/src/index.ts,"noop",FunctionDeclaration,20,20,1
packages/utils/src/index.ts,"delay",FunctionDeclaration,22,24,3
packages/utils/src/index.ts,"<inline>",ArrowFunction,23,23,1
packages/utils/src/index.ts,"isValidEmail",FunctionDeclaration,26,29,4
packages/utils/src/index.ts,"generateId",FunctionDeclaration,31,33,3
packages/utils/src/index.ts,"deepClone",FunctionDeclaration,35,37,3
packages/utils/src/index.ts,"retry",FunctionDeclaration,39,63,25
packages/utils/src/index.ts,"<inline>",ArrowFunction,44,62,19
packages/utils/src/index.ts,"attempt",ArrowFunction,47,59,13
packages/utils/src/index.ts,"attempt",ArrowFunction,47,59,13
services/user-service/src/server-minimal.ts,"<inline>",ArrowFunction,26,34,9
services/user-service/src/server-minimal.ts,"<inline>",ArrowFunction,37,50,14
services/user-service/src/server-minimal.ts,"<inline>",ArrowFunction,52,82,31
services/user-service/src/server-minimal.ts,"<inline>",ArrowFunction,85,92,8
services/user-service/src/server-minimal.ts,"<inline>",ArrowFunction,95,101,7
services/user-service/src/server-minimal.ts,"<inline>",ArrowFunction,104,109,6
services/user-service/src/server-minimal.ts,"startServer",FunctionDeclaration,112,138,27
services/user-service/src/server-minimal.ts,"<inline>",ArrowFunction,116,121,6
services/user-service/src/server-minimal.ts,"shutdown",ArrowFunction,124,130,7
services/user-service/src/server-minimal.ts,"shutdown",ArrowFunction,124,130,7
services/user-service/src/server-minimal.ts,"<inline>",ArrowFunction,126,129,4
services/user-service/src/server-minimal.ts,"<inline>",ArrowFunction,141,144,4
services/user-service/src/server-observability.ts,"observabilityMiddleware",FunctionDeclaration,18,67,50
services/user-service/src/server-observability.ts,"<inline>",ArrowFunction,19,66,48
services/user-service/src/server-observability.ts,"<inline>",ArrowFunction,41,63,23
services/user-service/src/server-observability.ts,"<inline>",ArrowFunction,80,104,25
services/user-service/src/server-observability.ts,"<inline>",ArrowFunction,107,134,28
services/user-service/src/server-observability.ts,"<inline>",ArrowFunction,137,165,29
services/user-service/src/server-observability.ts,"<inline>",ArrowFunction,167,239,73
services/user-service/src/server-observability.ts,"<inline>",ArrowFunction,242,261,20
services/user-service/src/server-observability.ts,"<inline>",ArrowFunction,264,288,25
services/user-service/src/server-observability.ts,"<inline>",ArrowFunction,291,310,20
services/user-service/src/server-observability.ts,"startServer",FunctionDeclaration,313,387,75
services/user-service/src/server-observability.ts,"<inline>",ArrowFunction,328,343,16
services/user-service/src/server-observability.ts,"shutdown",ArrowFunction,346,365,20
services/user-service/src/server-observability.ts,"shutdown",ArrowFunction,346,365,20
services/user-service/src/server-observability.ts,"<inline>",ArrowFunction,355,364,10
services/user-service/src/server-observability.ts,"<inline>",ArrowFunction,390,407,18
services/user-service/src/server-simple.ts,"<inline>",ArrowFunction,71,78,8
services/user-service/src/server-simple.ts,"<inline>",ArrowFunction,81,86,6
services/user-service/src/server-simple.ts,"<inline>",ArrowFunction,88,107,20
services/user-service/src/server-simple.ts,"<inline>",ArrowFunction,110,116,7
services/user-service/src/server-simple.ts,"startServer",FunctionDeclaration,119,150,32
services/user-service/src/server-simple.ts,"<inline>",ArrowFunction,123,128,6
services/user-service/src/server-simple.ts,"<inline>",ArrowFunction,131,136,6
services/user-service/src/server-simple.ts,"<inline>",ArrowFunction,133,135,3
services/user-service/src/server-simple.ts,"<inline>",ArrowFunction,138,143,6
services/user-service/src/server-simple.ts,"<inline>",ArrowFunction,140,142,3
services/user-service/src/server-simple.ts,"<inline>",ArrowFunction,153,158,6
services/user-service/src/server.ts,"startServer",FunctionDeclaration,69,424,356
services/user-service/src/server.ts,"handler",ArrowFunction,127,130,4
services/user-service/src/server.ts,"<inline>",ArrowFunction,140,165,26
services/user-service/src/server.ts,"<inline>",ArrowFunction,180,209,30
services/user-service/src/server.ts,"<inline>",ArrowFunction,217,238,22
services/user-service/src/server.ts,"<inline>",ArrowFunction,221,227,7
services/user-service/src/server.ts,"<inline>",ArrowFunction,247,274,28
services/user-service/src/server.ts,"<inline>",ArrowFunction,288,303,16
services/user-service/src/server.ts,"<inline>",ArrowFunction,312,336,25
services/user-service/src/server.ts,"<inline>",ArrowFunction,350,373,24
services/user-service/src/server.ts,"<inline>",ArrowFunction,385,393,9
services/user-service/src/server.ts,"<inline>",ArrowFunction,407,411,5
services/user-service/src/server.ts,"<inline>",ArrowFunction,413,417,5
services/user-service/src/user-service.ts,"SecureUserRepository",ClassDeclaration,12,66,55
services/user-service/src/user-service.ts,"SecureUserRepository.constructor",Constructor,15,17,3
services/user-service/src/user-service.ts,"SecureUserRepository.findById",MethodDeclaration,19,22,4
services/user-service/src/user-service.ts,"SecureUserRepository.findByEmail",MethodDeclaration,24,27,4
services/user-service/src/user-service.ts,"SecureUserRepository.findAll",MethodDeclaration,29,32,4
services/user-service/src/user-service.ts,"SecureUserRepository.save",MethodDeclaration,34,51,18
services/user-service/src/user-service.ts,"SecureUserRepository.delete",MethodDeclaration,53,55,3
services/user-service/src/user-service.ts,"SecureUserRepository.toSecureUser",MethodDeclaration,57,65,9
services/user-service/src/user-service.ts,"<inline>",ArrowFunction,31,31,1
services/user-service/src/user-service.ts,"UserService",ClassDeclaration,85,475,391
services/user-service/src/user-service.ts,"UserService.constructor",Constructor,91,105,15
services/user-service/src/user-service.ts,"UserService.createUser",MethodDeclaration,107,166,60
services/user-service/src/user-service.ts,"UserService.getUserById",MethodDeclaration,168,179,12
services/user-service/src/user-service.ts,"UserService.getUserByEmail",MethodDeclaration,181,192,12
services/user-service/src/user-service.ts,"UserService.getAllUsers",MethodDeclaration,194,204,11
services/user-service/src/user-service.ts,"UserService.updateUser",MethodDeclaration,206,263,58
services/user-service/src/user-service.ts,"UserService.deleteUser",MethodDeclaration,265,293,29
services/user-service/src/user-service.ts,"UserService.authenticateUser",MethodDeclaration,295,347,53
services/user-service/src/user-service.ts,"UserService.deactivateUser",MethodDeclaration,349,385,37
services/user-service/src/user-service.ts,"UserService.activateUser",MethodDeclaration,387,423,37
services/user-service/src/user-service.ts,"UserService.changeUserPassword",MethodDeclaration,425,474,50
